ID_Empleado,Companias_en_las_que_trabajo,Tiempo_de_Traslado,Faltas,Antiguedad,Estado_Civil,Pequenas_Mejoras,Proyectos_CCC,Accidentes,Hrs_Capacitacion,Educacion,Edad,Municipio,Genero,Distancia_desde_el_hogar,Suma_de_anos_trabajando,Activo
1,0,30,0,40.8,2,0,0,0,8.5,12,59,2,1,8,0,0
2,2,40,0,39.9,2,5,3,0,0,9,58,6,1,20,1,0
3,1,20,0,39.5,2,0,2,0,9.5,9,57,1,1,6,3,0
4,1,20,0,39.5,2,4,4,1,1.5,6,59,1,1,6,4.5,0
5,0,20,0,39.4,2,1,0,0,13.5,9,55,3,1,7,0,0
6,0,23,0,39.3,2,3,2,0,1,15,58,3,1,16,0,0
7,0,16,0,39.3,2,0,0,0,193,9,56,1,1,11,0,0
8,1,10,0,39.1,2,0,0,0,197.5,6,57,2,1,1.5,3.8,0
9,0,19,0,39,2,0,0,0,6,15,56,3,1,9.2,0,0
10,1,32,0,39,2,2,0,0,10.5,9,57,6,1,21,2,0
11,0,16,0,38.1,2,0,1,0,7.5,9,56,2,1,5.5,0,0
12,1,29,0,38.1,1,0,0,0,13.5,6,59,3,1,15,4,0
13,2,25,0,38.9,2,0,0,0,16.5,9,59,3,1,13,4,0
14,0,11,0,38.6,1,3,1,0,17.5,9,56,1,1,6.3,0,0
15,0,29,0,38.3,2,4,0,0,27.5,9,57,3,1,20,0,0
16,0,11,0,38.1,2,0,0,0,0.5,6,55,2,1,3.7,0,0
17,2,15,0,37.11,2,0,0,0,11,9,57,2,1,3,1.3,0
18,0,30,0,37.7,2,19,0,0,26.5,,55,4,1,8,0,0
19,0,5,0,37.6,2,0,1,0,249.5,6,54,2,1,1,0,0
20,1,24,0,37.5,2,0,0,0,15,6,57,4,1,12,4,0
21,0,15,0,37.4,2,0,0,0,12,6,54,3,1,12,0,0
22,2,12,0,37.4,2,0,0,0,9.5,9,57,1,1,5.5,2.3,0
23,0,23,0,36.1,2,0,1,0,14,9,55,3,1,16,0,0
24,0,20,0,36.1,2,0,0,0,1,9,56,1,1,13,0,0
25,2,34,0,36.1,1,0,1,0,200.5,9,57,6,1,28,3,0
26,0,15,0,36.7,2,0,0,0,0,9,53,2,1,3,0,0
27,4,12,0,34.9,2,5,0,0,205.5,9,52,1,1,5.5,0.1,0
28,1,22,0,34.9,2,26,2,1,2.5,12,54,5,1,16,1,0
29,2,15,0,34.8,2,4,2,0,18.5,9,53,1,1,12,0.5,0
30,2,16,0,34.7,2,2,1,0,15,9,53,3,1,8.8,2,0
31,1,25,0,34,2,12,5,0,9,9,53,3,1,13,2,0
32,1,25,0,33.1,2,0,1,0,11,9,54,3,1,10,2.2,0
33,3,20,0,33.1,2,0,0,0,3.5,9,57,2,1,7,6,0
34,1,27,0,33.9,2,25,4,0,2.5,9,51,4,1,20,1,0
35,0,5,0,33.6,2,12,1,0,201,9,50,2,1,1,0,0
36,1,11,0,33.6,2,0,1,0,8,9,54,2,1,3.7,3,0
37,1,34,0,33.6,2,0,0,0,20,6,59,5,1,27,11,0
38,1,12,0,33.5,2,9,2,0,1,9,53,2,1,8.5,3,0
39,2,20,0,33.5,1,0,0,0,14.5,9,52,2,1,11,2.3,0
40,0,15,0,33.5,2,2,0,0,251,9,49,2,1,3,0,0
41,1,23,0,33.4,2,0,1,0,11,9,49,3,1,16,0.5,0
42,0,24,0,33.4,2,0,0,0,14,9,51,2,1,11,0,0
43,2,12,0,33.4,2,16,4,0,16.5,9,52,1,1,5.5,3,0
44,1,23,0,33.1,2,0,0,0,9.5,9,52,4,1,7.7,1,0
45,0,5,0,32.11,2,0,0,0,1.5,9,50,2,1,1.8,0,0
46,0,5,0,32.11,2,9,2,0,3,15,54,2,1,1.8,0,0
47,1,5,0,31.7,2,30,5,0,197,9,49,2,1,1,0.2,0
48,1,28,0,31.2,2,9,4,0,248.5,9,57,1,1,21,8,0
49,3,30,0,31,2,0,0,0,8.5,6,59,3,1,18,15,0
50,2,28,0,30.11,2,0,0,0,2,9,53,4,1,19,2.7,0
51,1,5,0,30.11,2,9,3,0,2.5,9,49,2,1,1,1,0
52,0,30,0,30.1,2,26,1,0,1.5,9,48,4,1,8,0,0
53,1,5,0,30.1,2,2,0,0,16.5,9,52,2,1,1,5,0
54,1,5,0,30.4,2,0,0,0,10.5,9,47,2,1,1,2,0
55,3,20,0,30.4,2,0,0,0,11,9,51,4,1,6.4,0.3,0
56,0,27,0,30.3,2,8,1,0,12,9,49,3,1,7.3,0,0
57,1,10,0,30.3,2,2,2,0,0,6,52,2,1,4.6,5.5,0
58,1,30,0,29.11,2,30,0,0,1.5,9,47,4,1,8,2,0
59,2,28,0,29.11,2,0,0,0,1,9,50,3,1,14,5,0
60,0,24,0,29.1,2,0,3,0,6.5,9,46,3,1,12,0,0
61,0,5,0,29.1,2,0,0,0,1,9,46,2,1,1,0,0
62,3,22,0,29.9,2,0,1,0,7.5,9,49,3,1,12,2.1,0
63,1,37,0,29.8,2,5,1,0,13,9,52,6,1,23,6,0
64,0,6,0,29.8,2,2,1,0,8,9,48,2,1,1.7,0,0
65,1,21,0,29.6,2,1,1,0,12.5,9,53,3,1,15,6,0
66,3,5,0,29.1,2,0,0,0,1.5,9,54,2,1,1,8,0
67,0,10,0,28.11,1,20,0,0,3.5,15,46,2,1,1.5,0,0
68,0,12,0,28.11,1,0,0,0,13.5,6,56,2,1,3.7,0,0
69,1,40,0,28.11,2,4,4,0,12,9,46,3,1,27,0.4,0
70,2,25,0,28.1,2,3,1,0,6,9,47,2,1,5.5,1.3,0
71,1,20,0,28.1,2,0,0,0,6.5,9,51,4,1,9,3,0
72,1,15,0,28.1,2,1,1,0,291.5,9,45,3,1,4,1.3,0
73,3,35,0,28.8,2,4,3,0,2,15,54,1,1,17,9,0
74,1,30,0,28.7,2,1,0,0,14.5,9,51,4,1,12,5,0
75,3,20,0,28.5,2,0,0,0,9.5,9,56,2,1,4.5,9.9,0
76,0,15,1,28.5,1,0,0,0,9.5,9,45,2,1,2.5,0,0
77,3,15,0,28.2,2,2,1,0,10,15,55,2,1,3.7,5.1,0
78,2,20,0,28.1,2,4,0,0,20,15,56,4,1,8.5,15,0
79,1,5,0,28.1,2,0,0,0,9.5,15,48,2,1,1.8,0.5,0
80,2,20,0,27.11,2,17,3,0,14,15,54,4,1,8.5,8.6,0
81,3,25,0,27.11,2,0,0,0,92.5,9,48,4,1,9,3.1,0
82,3,25,0,27.11,2,9,4,0,2.5,15,56,1,1,15,10.2,0
83,1,10,0,27.11,2,0,3,0,12,9,45,2,1,2,0.1,0
84,0,10,0,27.11,2,3,0,0,12.5,9,45,2,1,1.5,0,0
85,3,5,0,27.8,2,0,1,0,9.5,9,49,2,1,1.8,9.2,0
86,6,30,0,27.7,2,0,3,0,4,9,57,4,1,8,11.2,0
87,0,20,0,27.4,2,0,2,0,12,9,44,3,1,9.5,0,0
88,1,5,0,27.3,2,19,0,0,32.5,9,44,2,1,1,1,0
89,3,5,0,27.3,2,0,1,0,5.5,12,49,2,1,1,3.1,0
90,0,15,0,27.2,2,0,0,0,29.5,9,44,2,1,2.5,0,0
91,2,20,0,27.2,2,16,9,0,15,6,43,4,1,7,0.11,0
92,4,19,0,27.2,2,0,1,0,0.5,12,48,1,1,11,2.7,0
93,3,22,0,27.1,2,0,0,0,1,12,46,1,1,15,0.3,0
94,4,30,0,27.1,2,0,1,0,5,9,57,4,1,8,11.1,0
95,3,15,0,26.1,2,2,0,0,10.5,9,51,2,1,4.5,4.3,0
96,2,15,0,26.9,2,58,9,0,26,9,45,2,1,2.5,8.7,0
97,3,10,0,26.7,2,27,4,0,5,9,46,2,1,2,5.1,0
98,3,30,0,25.4,2,0,0,0,78,9,50,4,1,17,8.2,0
99,2,21,0,25.3,2,0,0,0,3.5,9,45,3,1,12,1.4,0
100,1,22,0,25.2,2,1,1,0,12,9,46,3,1,12,1.5,0
101,4,22,0,25.1,2,2,5,0,52,9,49,4,1,11,9.4,0
102,3,15,0,25.1,2,67,6,0,14.5,9,48,2,1,2.5,5.6,0
103,1,10,0,25.1,2,17,6,0,1,9,43,2,1,2,1.9,0
104,3,10,0,25.1,2,1,0,0,8,9,45,2,1,1.5,2.9,0
105,0,11,0,25.1,2,0,0,0,4.5,12,43,2,1,4,0,0
106,1,16,0,24.1,2,15,1,0,52,15,46,3,1,7,4.7,0
107,1,35,0,24.1,2,0,0,0,2,9,43,3,1,22,0.6,0
108,4,10,0,24.1,2,0,0,0,0,9,48,2,1,1.5,8.8,0
109,1,25,0,24.1,2,56,9,0,39.5,9,46,3,1,10,4.2,0
110,1,10,0,24.1,2,3,0,0,16,9,43,2,1,1.5,1,0
111,5,5,0,24.4,2,38,5,0,134,9,45,2,1,1.8,4.9,0
112,2,17,0,24.3,2,0,1,0,15,9,42,3,1,8,3.4,0
113,1,20,0,24.2,2,3,5,0,8.5,9,42,2,1,10,0.8,0
114,2,15,0,3.4,2,3,1,0,239,15,40,2,1,3.3,18.3,0
115,4,10,0,23.1,1,1,0,0,16.5,9,46,2,1,2,4.11,0
116,2,25,0,23.1,2,0,4,0,11,9,49,3,1,16,5,0
117,0,15,0,23,2,11,1,0,8.5,12,40,2,1,4.5,0,0
118,2,10,0,22.9,2,31,0,0,15.5,9,48,2,1,5.5,7.5,0
119,3,30,1,22.9,2,0,0,0,19,9,47,1,1,17,8.1,0
120,1,15,0,22.9,2,4,1,0,9.5,9,58,2,1,4.5,16.2,0
121,5,15,0,22.9,2,0,1,0,16.5,12,52,2,1,2.5,7.5,0
122,1,25,0,22.9,2,1,2,0,11,9,42,5,1,15,1.1,0
123,1,35,0,22.3,2,2,0,0,13.5,12,41,3,1,21,0.7,0
124,4,20,0,22.2,2,0,1,0,7,12,45,3,1,9,2.1,0
125,3,15,0,22.1,2,0,1,0,2.5,9,52,2,1,4.5,4.11,0
126,2,10,0,22,2,2,0,0,6,6,43,2,1,3,1.1,0
127,2,15,0,21.11,2,0,0,0,13.5,12,43,2,1,4,2.9,0
128,6,30,0,21.6,2,5,2,0,3.5,9,54,4,1,14,12.9,0
129,1,30,0,21.5,2,3,2,0,210,9,45,3,1,18,6.11,0
130,3,10,0,21.5,2,20,2,0,290,9,45,2,1,5.5,6.7,0
131,4,19,0,21.5,2,0,2,0,8,12,45,1,1,11,3.11,0
132,1,16,0,21.3,2,18,0,0,1,9,40,4,1,5.5,0.9,0
133,4,30,0,21.3,2,1,0,0,7,9,52,5,1,16,9.11,0
134,1,12,0,21.3,2,6,0,0,0.5,15,39,1,1,6,1.2,0
135,2,15,0,21.1,2,1,2,0,11.5,9,54,2,1,4.5,15,0
136,3,23,0,21.1,2,0,0,0,7.5,15,51,4,1,11,12,0
137,1,28,0,21.1,2,23,3,1,3.5,12,50,3,1,11,8,0
138,1,30,0,20.11,2,2,0,0,7,9,39,3,1,19,1.6,0
139,5,10,0,20.11,2,0,3,0,7.5,9,42,2,1,1.5,4.11,0
140,5,35,0,20.11,2,46,10,0,28.5,15,41,1,1,15,3.2,0
141,0,10,0,20.11,1,16,3,0,4.5,9,38,2,1,4,0,0
142,5,35,0,20.11,2,0,1,0,10.5,9,54,4,1,12,17.4,0
143,5,25,0,20.8,2,1,2,0,15,9,42,1,1,14,6.1,0
144,1,15,0,20.8,2,0,1,0,0,12,39,2,1,4,0.2,0
145,2,10,0,20.8,2,0,1,0,12,9,41,2,1,4.5,6,0
146,3,23,0,20.8,1,2,1,0,6.5,9,44,3,1,15,6,0
147,1,25,0,20.6,2,4,0,0,14,9,37,2,1,9,1.1,0
148,8,10,0,20.4,2,24,2,0,3,12,47,2,1,2,11.8,0
149,2,27,0,20.4,2,2,1,0,11.5,9,51,5,1,17,10.2,0
150,0,25,0,20.3,2,40,0,0,52.5,12,38,4,1,10,0,0
151,4,26,0,20.3,2,35,7,0,5,9,54,5,1,17,17.2,0
152,4,22,0,20.3,2,4,1,0,11,12,45,3,1,12,3.8,0
153,2,10,0,20.2,2,0,3,0,254.5,15,38,2,1,2,1,0
154,4,5,0,20.2,2,4,0,0,1,9,47,2,1,1,9,0
155,1,26,0,20.2,5,1,0,0,11.5,9,48,2,1,8,9.6,0
156,2,30,0,20.2,2,6,1,0,16.5,9,40,4,1,17,3.1,0
157,5,20,0,20.2,2,23,4,0,3.5,12,55,2,1,10,15.8,0
158,5,30,0,20.1,2,0,0,0,0,15,42,3,1,18,3.9,0
159,4,28,0,20,5,0,0,0,13,9,41,3,1,11,6,0
160,4,20,0,19.11,2,0,4,0,8.5,9,43,3,1,5.5,7.5,0
161,3,25,0,19.11,2,9,3,0,4.5,9,41,3,1,10,2.8,0
162,1,32,0,19.11,2,0,0,0,1,9,42,3,1,18,5.6,0
163,3,15,0,19.11,2,0,0,0,6,9,49,1,1,7,9.2,0
164,1,35,0,19.11,2,4,0,0,13,12,38,4,1,22,0.3,0
165,2,40,0,19.11,2,8,4,0,1.5,9,40,4,1,19,3.7,0
166,3,5,0,19.11,4,0,0,0,13,15,48,2,1,1,9.7,0
167,1,30,0,19.1,2,0,1,0,193.5,9,50,4,1,10,8.9,0
168,6,40,0,19.6,2,0,1,0,2,9,46,1,1,19,8.1,0
169,1,22,0,19.6,2,12,0,0,2,15,45,3,1,12,1.5,0
170,3,25,1,19.1,2,0,0,0,23.5,9,40,4,1,6.5,4.6,0
171,3,15,0,19.1,2,8,0,0,1,9,44,2,1,1.5,4.4,0
172,3,25,0,19.1,2,7,0,0,28.5,15,47,1,1,9,13,0
173,1,15,0,18.11,2,56,6,0,35.5,12,41,2,1,4,4,0
174,1,20,0,18.1,2,2,3,0,21,9,37,3,1,8.5,1,0
175,1,30,0,18.9,2,0,0,0,1.5,15,49,4,1,9.5,10.8,0
176,2,20,0,18.9,2,36,2,0,4,6,56,2,1,9.5,15,0
177,2,10,0,18.7,2,10,4,0,7.5,9,42,2,1,1.5,8.6,0
178,3,5,0,18.7,2,1,4,0,9.5,9,40,2,1,1,4.9,0
179,3,35,0,18.5,2,0,2,0,11,9,51,3,1,19,15.9,0
180,7,50,0,18.5,2,0,0,0,202.5,9,43,6,1,24,6.1,0
181,2,20,2,18.5,2,0,0,0,16,9,50,2,1,9,6,0
182,2,40,0,18.5,2,5,0,0,4,9,50,3,1,18,4,0
183,5,10,0,4,1,4,2,0,44.5,12,42,2,2,1.5,16.8,0
184,2,30,0,18.3,2,10,0,0,2.5,15,41,2,1,10,3,0
185,3,30,0,18.1,2,2,0,0,6.5,9,38,3,1,10,0.1,0
186,1,20,0,17.11,2,0,1,0,2,9,40,1,1,13,2,0
187,0,10,0,17.11,2,0,0,0,5,9,36,1,1,5,0,0
188,3,10,0,17.11,1,0,0,0,0.5,9,48,2,1,2.5,6.4,0
189,2,45,0,17.11,2,0,2,0,10,15,46,7,1,21,9.6,0
190,4,35,0,17.1,2,23,4,0,4.5,9,48,4,1,18,14.8,0
191,2,45,0,17.1,2,1,2,0,30,9,40,6,1,23,4.9,0
192,9,30,0,14.4,2,22,4,0,2,15,59,3,1,13,27,0
193,3,10,0,17.9,1,3,0,0,206,15,49,2,1,3.5,4.8,0
194,5,10,0,17.9,2,4,2,0,43,12,41,2,1,3.5,6.3,0
195,1,30,2,17.9,5,0,0,0,2.5,12,37,3,1,13,0.1,0
196,5,50,0,12.1,2,0,0,0,61,9,36,6,1,23,8.7,0
197,5,10,0,17.8,2,2,1,0,9.5,9,44,2,1,1.5,10.2,0
198,4,30,0,17.8,2,2,6,0,3,9,45,3,1,9,9.3,0
199,3,32,0,17.8,2,2,2,0,16.5,9,43,4,1,20,7,0
200,2,6,0,17.8,2,10,2,0,12,9,39,2,1,1.5,4.7,0
201,3,11,0,17.8,2,2,0,0,5.5,9,50,1,1,6,13.8,0
202,2,20,0,17.8,2,1,0,0,12,9,49,4,1,9,14,0
203,3,10,0,17.8,2,2,6,0,10.5,9,43,2,1,2.5,7.3,0
204,7,25,0,17.7,2,4,1,0,3,9,46,4,1,10,19,0
205,5,10,0,17.5,5,0,0,0,14.5,9,50,2,1,4,11.4,0
206,3,25,0,17.5,2,1,0,0,20,9,52,5,1,18,17,0
207,3,15,0,17.4,2,0,1,0,13.5,9,52,2,1,4.5,19.6,0
208,6,25,0,17.4,2,0,1,0,6,9,56,4,1,11,22.6,0
209,3,25,0,17.4,2,5,1,0,12.5,9,50,3,1,10,13,0
210,2,15,0,17.3,2,14,7,0,4.5,12,54,2,1,6.5,14.5,0
211,4,21,0,17.3,2,0,0,0,12.5,15,42,2,1,10,6.4,0
212,3,25,1,17.3,2,0,0,0,10.5,9,35,3,1,9.5,1.7,0
213,3,28,0,17.3,2,8,2,0,11,9,49,4,1,19,9.4,0
214,3,30,0,17.3,2,19,5,0,15.5,12,47,4,1,22,11,0
215,1,25,0,17.2,1,1,2,0,12,12,44,4,1,8,5.2,0
216,2,34,0,17.2,2,1,1,0,12.5,9,44,6,1,24,11.1,0
217,4,25,0,17.2,1,14,1,0,28.5,12,48,2,1,2,11,0
218,4,27,0,16.9,2,25,5,0,40,9,45,5,1,19,9,0
219,2,30,0,16.9,2,1,2,0,7,15,52,4,1,10,15.8,0
220,4,27,0,16.8,2,24,3,0,5.5,12,49,4,1,12,14.1,0
221,1,10,0,16.8,2,1,1,0,32,12,41,2,1,1.5,5.2,0
222,5,18,0,16.8,2,19,0,0,4,9,36,3,1,9,4.7,0
223,1,10,0,16.7,2,3,2,0,204.5,9,43,2,1,4.5,8.9,0
224,5,24,0,16.5,2,26,0,0,2,12,52,4,1,11,18.4,0
225,1,30,0,16.5,2,0,0,0,44.5,12,35,4,1,10,1,0
226,7,26,0,16.4,2,4,0,0,15.5,9,50,5,1,18,7.8,0
227,3,24,0,16.4,2,0,0,0,29.5,9,40,4,1,8.8,5.3,0
228,2,21,1,16.3,5,0,0,0,20,12,35,5,1,16,1.9,0
229,4,21,0,16.3,2,1,1,0,7,9,46,4,1,10,10.7,0
230,5,26,0,16.3,2,22,11,0,3.5,15,52,3,1,7.8,14.3,0
231,2,22,2,16.1,2,0,1,0,13,12,41,3,1,10,7,0
232,2,22,0,16.1,2,6,2,0,32.5,12,35,5,1,16,1.7,0
233,3,17,0,16.1,2,2,1,0,2.5,9,36,2,1,7.6,3.9,0
234,1,15,0,16.1,2,0,2,0,10,9,35,2,1,5,3,0
235,6,37,0,15.1,2,0,0,0,5.5,9,50,6,1,23,16.4,0
236,3,19,0,15.1,2,3,1,0,0.5,9,37,4,1,8.6,5.8,0
237,2,18,0,15.9,2,4,0,0,11.5,15,45,4,1,9,12.2,0
238,3,12,0,15.9,2,1,0,0,4,12,36,2,1,4,3.3,0
239,8,12,0,15.8,2,5,9,0,2.5,15,44,1,1,5.5,9.1,0
240,2,32,0,15.8,2,0,0,0,14,9,49,1,1,19,13.5,0
241,3,23,0,15.8,2,0,0,0,14.5,12,37,3,1,10,1.6,0
242,4,10,0,15.7,1,0,3,0,19,15,44,2,1,2,11.1,0
243,5,24,0,15.7,2,8,1,0,27.5,9,44,4,1,11,10.9,0
244,3,13,0,15.6,2,13,0,0,12,12,36,2,1,4.5,3.9,0
245,4,15,0,15.6,2,0,0,0,12,9,40,3,1,8,6.7,0
246,3,25,0,15.6,2,4,2,0,10,9,46,4,1,12,14.5,0
247,3,30,0,15.5,2,0,1,0,4.5,9,35,3,1,8,3.1,0
248,8,22,0,15.5,2,0,0,0,1,15,43,3,1,6.6,8.8,0
249,2,10,0,15.5,2,1,0,0,13.5,9,49,2,1,4.5,16.2,0
250,3,25,0,15.5,2,2,0,0,17,12,46,3,1,12,15.11,0
251,4,20,0,15.5,2,0,1,0,10.5,12,41,3,1,15,8,0
252,2,15,0,15.3,2,0,0,0,16,9,36,3,1,8,4.11,0
253,4,10,0,15.3,2,1,1,0,5.5,15,42,1,1,5,8.8,0
254,0,10,0,15.2,2,13,1,0,0.5,12,33,2,1,4.5,0,0
255,5,10,0,14.11,2,0,1,0,4,15,40,2,1,3.5,8.8,0
256,2,15,0,14.11,2,2,1,0,9.5,9,40,2,1,3.7,4.6,0
257,2,30,0,14.1,5,2,5,0,10,9,33,3,1,19,2.1,0
258,3,30,0,14.1,2,4,1,0,16,12,41,4,1,19,6.3,0
259,2,12,0,14.9,2,0,1,0,29.5,9,35,2,1,3.5,3.6,0
260,3,23,0,14.9,2,2,3,0,14,9,36,4,1,8.3,4.11,0
261,2,6,0,14.9,2,1,4,0,23,9,44,2,1,1.5,13.7,0
262,3,10,0,1.11,2,1,0,0,262.5,9,32,2,1,2.5,2.2,0
263,3,21,0,8.4,2,1,0,0,14.5,15,41,3,1,11,7,0
264,5,25,0,10.3,2,2,0,0,15,15,32,4,1,12,5.2,0
265,4,24,0,10.3,2,6,1,0,251.5,9,32,4,1,11,4.1,0
266,5,20,0,6.1,1,11,1,0,13,15,31,2,1,4.5,8.3,0
267,2,40,0,5.9,2,7,2,0,253,9,31,4,1,9,8.5,0
268,3,15,0,11,2,10,0,0,27,12,38,4,1,6.2,4.6,0
269,3,5,0,4.7,1,22,0,0,60.5,15,31,2,1,3.1,8.7,0
270,3,34,0,14.8,3,24,0,0,37,15,33,3,1,22,3.6,0
271,5,21,0,14.8,2,12,1,0,16.5,9,48,2,1,15,11.1,0
272,7,30,0,14.8,2,11,5,0,1.5,9,46,4,1,15,14,0
273,3,26,0,14.8,2,0,2,0,21,12,50,5,1,18,13.11,0
274,8,10,0,14.7,2,0,2,0,0,9,39,2,1,4.5,5.11,0
275,3,10,0,14.6,2,0,1,0,4.5,9,36,2,1,2.5,7.1,0
276,3,5,0,14.5,2,27,3,0,4.5,15,50,2,1,1.5,16,0
277,2,17,0,14.5,2,0,1,0,22,9,34,3,1,7,3.7,0
278,3,10,0,14.4,2,1,0,0,8.5,9,35,2,1,2.5,5.4,0
279,2,28,0,14.4,2,1,0,0,49,15,33,3,1,10,1.6,0
280,3,29,0,14.3,2,14,1,0,22.5,15,43,4,1,13,7.7,0
281,3,27,0,14.3,2,0,0,0,13.5,9,43,3,1,19,12.1,0
282,5,22,0,14.2,1,2,2,0,12,15,44,2,1,7.5,12.6,0
283,3,27,0,14.1,2,0,12,0,9.5,9,46,3,1,18,13.11,0
284,4,17,0,14.1,1,0,0,0,10,12,47,1,1,8.3,11,0
285,6,20,0,14.1,2,0,0,0,16.5,12,44,1,1,12,9.8,0
286,1,27,0,14.1,2,0,0,0,19,9,32,4,1,13,1.6,0
287,3,23,0,13.11,1,0,1,0,6,12,36,5,1,16,2.5,0
288,1,6,0,13.9,1,0,6,0,10,12,32,2,1,3.5,0.3,0
289,2,13,0,13.9,1,7,0,0,41,9,37,6,1,7.9,3,0
290,2,30,0,13.8,2,3,2,0,254.5,9,34,4,1,8.6,4.2,0
291,1,25,0,13.7,2,0,0,0,13,9,34,3,1,11,4,0
292,2,30,0,13.7,2,1,2,0,0,12,32,1,1,15,0.11,0
293,4,24,0,13.5,2,4,2,0,268,15,40,3,1,12,7.4,0
294,1,20,2,13.5,1,4,2,0,44.5,9,31,4,1,6.2,1,0
295,6,10,8,13.4,2,0,0,0,13,9,36,2,1,2.5,3.4,0
296,4,20,0,13.2,2,8,0,0,6.5,9,44,3,1,7.3,14.7,0
297,1,17,0,13.2,2,0,0,0,7,9,41,2,1,6.8,8,0
298,6,38,0,13.2,2,2,2,0,69.5,12,40,6,1,23,4.7,0
299,3,10,0,13.2,2,6,1,0,8.5,15,51,2,1,1.5,16.5,0
300,7,40,0,13.2,2,0,1,0,6.5,9,42,5,1,32,12.4,0
301,3,18,0,13.1,2,0,1,0,7,9,51,4,1,8,20.4,0
302,1,18,0,12.11,2,9,0,0,11.5,12,31,4,1,8.6,0.6,0
303,1,30,0,12.11,2,0,3,0,11.5,9,33,1,1,18,4,0
304,7,20,1,12.11,2,0,2,0,10,9,49,4,1,7.6,16.7,0
305,1,26,0,12.11,1,11,1,0,271.5,15,31,4,1,12,0.6,0
306,0,20,0,12.1,2,2,2,0,10.5,9,30,4,1,8,0,0
307,7,13,0,12.1,2,1,0,0,10.5,9,45,4,1,5.3,12.7,0
308,4,14,0,12.1,2,0,0,0,11.5,9,39,4,1,6.2,7.4,0
309,4,38,0,12.9,2,13,3,0,203,9,33,3,1,23,4.2,0
310,5,12,0,12.9,2,0,3,0,17.5,9,37,2,1,4.3,7.1,0
311,4,19,0,12.9,2,2,2,0,7.5,9,39,2,1,7.2,7.6,0
312,2,20,0,12.9,1,0,0,0,4.5,9,33,2,1,7.1,5.6,0
313,2,22,0,12.9,2,9,1,0,200.5,9,31,3,1,9,2.6,0
314,3,27,0,12.9,2,8,2,0,1,12,30,3,1,19,0.6,0
315,5,22,0,12.9,2,2,0,0,18.5,9,35,4,1,7.8,5.11,0
316,2,10,0,12.8,1,3,0,0,8,9,39,2,1,1.5,8.4,0
317,0,22,0,12.8,2,0,0,0,11,9,30,3,1,10,0,0
318,4,25,0,12.8,5,1,1,0,12.5,9,43,4,1,12,13.1,0
319,5,30,0,3.6,1,2,3,0,256,9,33,4,1,12,8.7,0
320,2,39,0,11.7,5,6,1,0,13.5,9,40,8,1,35,10.2,0
321,4,15,3,12.7,2,9,3,0,6,15,40,1,1,7,8.9,0
322,4,5,1,10.3,2,0,0,0,13.5,9,39,2,1,1.5,1.8,0
323,2,30,0,12.7,2,22,4,0,5,9,44,4,1,15,16,0
324,7,26,0,12.6,2,4,0,0,7,9,45,4,1,10,14.2,0
325,3,19,0,12.6,2,0,8,0,35,9,43,4,1,10,13.4,0
326,4,21,6,12.6,1,0,0,0,9.5,9,36,4,1,9.5,5.1,0
327,5,5,0,12.6,2,0,9,0,4,12,33,2,1,1,2.7,0
328,0,12,0,12.6,2,6,2,0,1,9,30,2,1,4,0,0
329,4,12,0,12.5,2,1,1,0,8.5,12,33,2,1,4,1.9,0
330,2,24,0,12.5,2,0,1,0,0.5,9,36,4,1,11,7.11,0
331,2,12,0,12.5,2,0,0,0,6.5,15,33,2,1,4,4.6,0
332,1,24,0,12.5,2,29,0,0,75.5,15,30,3,1,13,0.4,0
333,1,14,0,12.5,2,2,0,0,1,12,32,2,1,4,0.3,0
334,3,20,0,12.5,2,1,0,0,12.5,12,38,4,1,7.8,11.5,0
335,0,23,2,12.4,2,5,0,0,13.5,9,30,3,1,17,0,0
336,3,24,0,12.4,2,32,0,0,290,9,36,3,1,12,5.9,0
337,4,15,0,12.2,2,2,0,0,12,12,45,1,1,7,13.4,0
338,4,18,0,12.2,2,13,4,0,2.5,12,46,3,1,6,11.8,0
339,4,20,0,12.2,1,7,0,0,18.5,15,44,2,1,9,12.3,0
340,3,12,0,12.1,4,1,2,0,7,12,42,2,2,4,2.1,0
341,4,30,4,12,2,0,0,0,13,9,46,4,1,14,15.5,0
342,8,18,0,11.11,2,0,1,0,11,9,37,3,1,6.5,7.8,0
343,1,20,0,11.11,2,2,1,0,23,9,30,3,1,7,1.6,0
344,4,28,0,11.11,2,2,6,0,210,9,46,4,1,19,15.2,0
345,2,15,5,11.11,2,0,0,0,16,9,36,1,1,10,6,0
346,5,60,0,2.11,1,3,1,0,50.5,9,37,4,1,16,16.6,0
347,5,12,0,11.1,1,2,1,0,20.5,9,39,2,1,4.2,11,0
348,5,20,0,11.1,2,1,0,0,6.5,12,38,3,1,7.2,6.11,0
349,2,30,0,11.9,2,3,3,0,11,9,35,4,1,14,6.3,0
350,2,20,0,11.9,2,0,3,0,14,9,48,3,1,6.5,19,0
351,3,32,0,11.8,2,0,0,0,3.5,9,47,6,1,27,15,0
352,4,30,0,11.2,2,14,2,0,1,9,31,4,1,10,4.6,0
353,2,20,0,11.7,2,15,1,0,58,9,32,2,1,10,3.9,0
354,6,18,0,11.7,2,0,1,0,20,9,47,4,1,8,12.3,0
355,1,22,1,11.7,5,5,0,0,8.5,9,30,4,1,7.8,0.2,0
356,1,20,0,11.7,4,1,1,1,2,9,44,2,2,9,9.7,0
357,2,23,0,11.6,2,16,1,,50,12,41,3,1,17,11.8,0
358,1,26,1,11.6,3,0,1,0,0,9,39,3,1,17,10.3,0
359,2,30,0,11.6,2,7,1,0,4,9,50,4,2,15,3.8,0
360,2,24,0,11.6,2,2,3,0,11,12,31,4,1,11,1.1,0
361,3,10,0,11.6,2,3,2,0,11.5,9,45,2,1,1.5,10.6,0
362,3,15,0,11.5,2,8,2,0,4,12,45,2,1,7,14.8,0
363,5,23,1,11.5,5,2,0,0,15.5,9,34,3,1,9.5,5.6,0
364,2,16,0,11.5,5,3,1,0,0,9,41,4,1,6.2,9,0
365,7,22,0,11.5,5,0,3,0,11,9,36,3,1,16,8.6,0
366,1,30,0,11.5,2,6,0,0,19.5,9,32,4,1,14,3.2,0
367,2,20,0,11.5,1,0,1,0,21,9,35,2,1,7.3,6.6,0
368,2,30,0,11.4,2,1,1,0,16,9,41,4,1,14,13,0
369,4,60,3,0.7,2,0,1,0,74.5,15,49,4,1,6.5,8.1,0
370,0,12,0,11.3,2,0,0,0,5,15,28,2,1,4.4,0,0
371,1,30,5,11.3,3,3,2,0,11,9,28,4,1,15,0.2,0
372,3,35,0,11.3,2,23,8,0,4,12,30,4,1,20,0.8,0
373,1,37,0,11.3,1,2,1,0,4,9,29,4,1,22,0.5,0
374,3,15,0,11.2,2,0,2,0,2.5,9,46,1,1,11,5.1,0
375,2,27,0,11.2,2,29,0,0,34,9,32,3,1,7.3,4.4,0
376,5,34,0,11.2,2,1,2,0,7.5,9,34,6,1,28,8.1,0
377,2,33,1,11.2,2,0,0,0,202,9,32,3,1,21,4.6,0
378,4,30,0,11,2,0,0,0,18.5,9,40,4,1,15,11.7,0
379,2,22,0,11,2,0,0,0,9.5,9,28,3,1,16,0.5,0
380,2,7,3,2.1,2,12,0,0,7.5,9,29,2,1,1.5,2.11,0
381,1,20,0,11,2,0,2,0,2.5,15,54,4,1,7.3,25,0
382,2,19,0,11,2,0,0,0,1.5,9,41,4,1,10,10.9,0
383,4,38,0,11,3,1,0,0,20.5,9,42,6,1,22,9.8,0
384,1,7,0,11,2,2,2,0,26,12,31,2,1,1.5,1.7,0
385,2,19,0,10.11,2,3,1,0,11,12,43,4,1,10,13.1,0
386,2,27,0,10.11,2,1,0,0,22,12,46,4,1,13,16.7,0
387,5,26,0,10.11,2,0,1,0,5,9,39,3,1,12,11.11,0
388,3,21,0,10.1,2,29,2,0,3.5,12,45,3,1,16,20.3,0
389,3,30,0,2.7,2,4,2,0,21.5,15,34,4,1,13,6.1,0
390,2,24,0,10.7,1,2,1,0,9,9,47,3,2,6.5,9.2,0
391,6,7,3,10.6,1,0,1,0,5,9,44,2,2,1.5,14.9,0
392,2,30,0,10.6,2,5,2,0,15,12,32,1,1,18,4.3,0
393,5,16,0,10.6,2,0,1,0,34,12,40,3,1,12,10.1,0
394,1,15,0,10.6,2,5,0,0,254.5,9,29,2,1,5,2.2,0
395,6,34,0,10.6,2,50,0,0,6,15,48,6,1,21,15.1,0
396,2,22,0,10.5,2,5,1,0,10.5,15,32,5,1,16,1.6,0
397,1,38,0,10.5,2,4,0,0,8,12,50,6,1,24,21,0
398,2,19,0,10.5,2,10,3,0,6.5,9,46,4,2,10,6,0
399,3,6,0,10.5,5,0,0,0,12,9,43,2,2,1.7,10.2,0
400,4,10,0,10.5,5,0,0,0,63,9,37,4,1,6.6,8.1,0
401,1,38,3,9.7,2,0,1,0,10,9,31,4,1,14,2.6,0
402,2,30,0,10.4,2,5,0,0,14.5,9,38,6,1,26,7.5,0
403,5,28,0,10.4,1,8,0,0,10,9,45,4,2,18,16.1,0
404,3,29,0,10.4,2,0,0,0,7.5,9,32,4,1,12,6.4,0
405,2,16,0,10.4,2,1,0,0,15,12,47,3,1,6.5,18,0
406,3,13,0,10.3,2,6,0,0,14,6,46,1,1,6.2,16,0
407,3,26,1,10.3,2,0,0,0,3,9,38,3,1,7.3,10.1,0
408,2,29,0,10.3,2,0,3,0,8,9,49,4,2,15,5.1,0
409,6,9,0,10.3,2,3,0,0,17.5,12,48,2,1,2.4,9,0
410,7,26,0,10.3,2,8,1,0,17,9,46,3,1,7.3,17.8,0
411,2,31,0,10.3,2,11,0,0,1,12,37,4,2,12,7.2,0
412,2,32,0,10.3,2,0,2,0,14.5,9,41,4,1,16,10,0
413,3,37,0,1.2,1,7,0,0,74.5,9,28,9,1,24,6,0
414,1,27,0,10.2,5,0,4,0,0.5,15,42,3,1,7.8,12,0
415,2,10,0,10.2,4,9,0,0,3.5,9,48,2,2,1,12.5,0
416,4,32,0,10.2,2,5,3,0,36.5,15,44,4,1,13,15.7,0
417,5,21,0,9.1,2,27,1,0,2,15,42,2,1,15,14.9,0
418,7,22,0,9.8,2,31,4,0,9.5,15,42,4,1,7.8,11.11,0
419,2,31,0,9.7,3,4,0,0,5.5,9,52,1,2,17,2.2,0
420,2,12,0,9.7,2,21,3,0,2.5,12,45,2,1,3.8,17.4,0
421,3,10,0,9.6,2,82,10,0,5,15,44,2,1,2.5,17.6,0
422,3,12,0,9.6,2,6,2,0,13,9,40,2,1,5.8,8.4,0
423,2,18,0,9.5,2,3,2,0,42,9,40,2,2,7.2,12.2,0
424,2,25,0,9.5,2,34,5,0,5.5,12,34,5,1,17,15.9,0
425,6,25,0,9.4,2,4,2,0,10.5,12,43,4,1,14,17.6,0
426,3,40,0,9.4,2,0,0,0,3,15,43,6,1,31,17.11,0
427,6,18,0,9.4,2,1,0,0,6,9,44,4,1,7,13.2,0
428,4,7,0,9.4,2,1,0,0,6.5,9,44,2,1,1.5,18,0
429,3,15,0,9.4,2,0,0,0,19.5,9,47,3,1,8.1,17.3,0
430,2,21,0,9.4,2,1,0,0,8.5,15,42,4,1,7.9,12.1,0
431,3,36,0,9.2,2,0,5,0,8,9,28,6,1,23,3.7,0
432,5,27,0,9.2,5,2,7,0,7.5,9,37,4,1,18,10.2,0
433,4,28,0,9.1,2,9,0,0,20,9,46,4,2,17,9.1,0
434,5,26,0,9.1,2,0,1,0,1,9,48,4,2,14,8.1,0
435,5,19,0,8.1,3,2,0,0,5.5,9,45,4,2,8.9,8.4,0
436,3,15,0,0.3,1,1,0,0,37.5,9,30,2,1,1.1,10.5,0
437,4,34,0,8.1,2,0,0,0,5.5,9,40,6,1,24,13.4,0
438,2,31,1,8.1,2,5,0,0,250.5,9,31,3,1,22,4.5,0
439,1,17,0,8.9,1,2,4,0,6,9,39,2,1,5.8,11.6,0
440,3,31,0,8.9,2,3,4,0,19.5,9,39,4,1,15,11.8,0
441,4,20,0,8.9,2,0,0,0,9.5,9,35,4,1,8,9.7,0
442,4,29,0,8.9,3,0,1,0,15,9,43,1,2,18,4.3,0
443,5,30,0,8.9,1,2,4,0,5,9,39,4,1,15,5.1,0
444,2,35,0,8.8,2,27,1,0,4,15,42,6,1,24,15.3,0
445,1,7,0,8.7,2,1,1,0,211.5,12,34,2,2,1.5,0.7,0
446,2,23,0,8.7,2,7,2,0,9,12,35,4,1,8.1,5.1,0
447,1,15,0,8.7,2,10,2,0,23,9,47,2,1,1.1,19.3,0
448,1,11,0,8.7,2,9,2,0,19.5,12,38,1,1,5.5,12.3,0
449,3,27,0,8.7,2,2,2,0,9.5,15,48,4,1,18,10,0
450,6,31,0,8.6,5,3,2,0,265.5,9,38,6,1,24,11,0
451,4,30,0,8.6,2,0,0,0,6,9,36,4,1,15,1.9,0
452,7,24,0,8.6,2,0,0,0,13,9,39,4,1,8.5,11.1,0
453,4,14,0,8.6,2,1,1,0,5,15,45,1,1,7.4,16,0
454,1,18,0,8.6,2,8,0,0,6,9,31,1,1,8.3,5.3,0
455,1,20,0,8.6,1,0,2,0,0.5,12,27,2,1,7.3,0.6,0
456,4,10,0,8.5,2,0,1,0,12.5,9,43,2,1,3.6,9.9,0
457,2,26,5,8.5,2,0,3,0,23.5,12,31,4,1,12,4,0
458,6,28,0,8.5,2,22,3,0,5,12,44,4,1,13,12.2,0
459,2,24,0,8.4,2,6,1,0,18,12,35,1,1,15,5.2,0
460,4,26,0,8.4,2,0,3,0,17,9,39,5,1,18,10.11,0
461,4,34,0,8.4,2,0,0,0,12.5,9,33,3,1,20,8.4,0
462,1,30,0,8.4,2,2,2,0,26.5,9,28,4,1,15,3.5,0
463,2,29,0,8.4,2,0,3,0,6,9,48,4,1,17,11.9,0
464,0,10,0,8.4,1,0,0,0,18.5,9,26,2,1,1,0,0
465,4,20,1,7.8,2,0,0,0,3,9,46,4,1,9,4.7,0
466,4,25,0,8.3,2,2,2,0,13.5,9,41,4,1,12,16.4,0
467,0,28,0,8.3,2,16,9,0,10,9,25,4,1,22,0,0
468,6,40,2,3.1,2,9,1,0,14.5,9,26,2,1,3.4,4.8,0
469,3,22,0,8.2,2,28,0,0,4,15,52,3,1,11,25,0
470,4,30,0,8.1,2,0,1,0,6.5,12,34,2,1,5.8,5,0
471,1,30,0,8.1,5,7,0,0,14.5,9,,3,1,9.1,5.8,0
472,4,45,0,8.1,2,0,0,0,11,9,32,3,1,22,5.11,0
473,2,45,0,7.1,2,0,3,0,50.5,9,21,3,1,20,3.8,0
474,2,45,0,7.9,2,2,0,0,9.5,9,39,4,1,18,12,0
475,1,40,0,7.9,2,10,2,0,60.5,9,26,5,1,15,0.9,0
476,3,45,0,7.9,2,7,1,0,254,9,25,4,1,13,0.3,0
477,3,30,0,7.8,1,3,2,0,15.5,12,29,4,1,8,4.4,0
478,4,30,0,7.7,5,11,0,0,12.5,15,30,4,1,10,2.4,0
479,0,30,0,7.7,1,0,2,0,45,9,24,3,1,10,0,0
480,2,40,0,7.7,2,2,1,0,13.5,9,25,4,1,15,3,0
481,2,30,0,7.7,2,7,1,0,7,12,30,1,1,15,4,0
482,1,5,0,7.6,2,0,4,0,53,9,24,2,1,0.7,2,0
483,3,90,0,7.5,1,1,4,0,402,12,48,6,1,21,11,0
484,2,70,0,7.5,2,6,2,0,16.5,9,51,6,1,21,14,0
485,2,10,0,7.5,2,0,0,0,225,9,25,2,1,0.2,2.11,0
486,0,40,0,7.5,2,0,0,0,29,12,25,4,1,13,0,0
487,0,40,0,7.5,1,0,0,0,0,12,25,4,1,13,0,0
488,5,15,0,7.4,2,0,0,0,11.5,9,45,2,1,0.7,18.2,0
489,6,30,0,7.4,2,1,3,0,14,9,46,1,1,12,14.5,0
490,2,40,0,7.4,1,8,3,0,11,9,24,3,1,13,1.1,0
491,4,10,0,7.3,2,8,3,0,249,12,33,2,1,2.6,3.9,0
492,3,60,0,7.3,2,3,0,0,7.5,15,29,3,1,7.8,3.8,0
493,9,30,0,7.3,1,9,6,0,5.5,12,51,3,2,9.1,14.9,0
494,1,40,0,7.3,2,0,3,0,26,9,36,6,1,24,8,0
495,4,40,0,7.3,2,0,1,0,14,9,33,6,1,26,9.6,0
496,2,45,0,7.2,1,0,0,0,12,9,24,4,1,15,8,0
497,2,20,0,7.2,2,10,1,0,209.5,15,28,3,1,9.5,1.7,0
498,3,25,0,7.1,2,24,0,0,10,15,35,3,1,18,9,0
499,5,25,0,7.1,5,3,2,0,12,15,32,1,1,15,3.11,0
500,2,35,0,6.11,1,2,1,0,45.5,9,51,4,2,10,8.1,0
501,3,30,0,6.11,2,0,2,0,15.5,9,45,2,1,3.1,14,0
502,2,40,0,6.11,2,0,0,0,8.5,9,32,4,1,17,6.1,0
503,4,10,0,6.11,1,1,1,0,9.5,9,28,2,2,1.9,2.1,0
504,2,10,0,6.11,2,2,1,0,13.5,9,26,2,2,0.35,0.1,0
505,3,60,0,6.11,1,10,0,0,12,15,47,6,1,23,17,0
506,1,20,0,6.11,1,1,0,0,14.5,9,25,2,1,4,0.4,0
507,1,40,1,6.11,5,0,0,0,9,9,37,3,2,13,4.8,0
508,2,90,0,6.1,1,28,2,0,4,12,30,4,1,23,4.5,0
509,4,30,0,6.1,1,1,1,0,10,9,42,2,2,6.8,5.7,0
510,1,30,4,6.1,2,1,1,0,15,9,27,4,1,7.2,2.8,0
511,5,15,0,6.1,2,0,1,0,53.5,12,42,4,1,4.3,6.8,0
512,5,30,0,6.1,1,3,0,0,14,9,38,2,1,8,11.5,0
513,1,40,0,6.1,1,1,0,0,4,9,25,4,1,16,1.4,0
514,2,30,0,6.8,2,3,0,0,242,15,30,4,1,7,5.1,0
515,2,60,0,6.8,2,28,2,0,8.5,9,35,3,1,17,12,0
516,2,15,0,6.8,2,14,3,0,0,12,34,2,1,5.5,7.7,0
517,10,50,0,6.8,2,8,0,0,1.5,15,40,4,1,15,12,0
518,2,10,0,6.8,5,3,3,0,223,9,25,2,1,4,2.3,0
519,2,60,0,6.8,2,2,1,1,13.5,9,35,5,1,24,11.9,0
520,3,10,0,0.1,2,0,0,0,0,9,26,2,1,2.2,3.9,0
521,5,30,0,2.11,1,1,4,0,41.5,9,26,4,1,12,4.8,0
522,5,20,0,6.7,2,0,3,0,6,9,55,3,1,13,14.5,0
523,1,90,0,6.7,1,9,0,0,23.5,9,27,4,1,23,2,0
524,1,10,0,6.7,2,26,0,0,5.5,12,27,2,1,2,0.9,0
525,1,30,0,6.6,1,5,0,0,20,9,28,4,1,8,2,0
526,7,15,0,6.6,2,1,1,0,0.5,15,27,2,1,2.5,5.11,0
527,2,15,1,6.6,1,2,0,0,4.5,9,29,2,1,1.5,4.6,0
528,4,40,0,6.6,2,1,3,0,54,12,47,4,1,10,16.1,0
529,3,10,0,0.5,5,1,0,0,72,9,26,2,1,2.5,5.11,0
530,1,45,0,6.4,1,1,0,0,12.5,12,28,4,2,11,2.6,0
531,5,20,0,6.4,1,0,3,0,0,9,37,2,1,3,9,0
532,4,30,9,6.4,5,0,0,0,0,9,37,3,1,10.5,11.3,0
533,6,15,0,6.3,2,17,0,0,107,15,49,2,2,3,12.6,0
534,1,10,0,6.3,2,0,1,0,1,15,53,3,1,4,20,0
535,2,15,0,6.3,2,1,2,0,256.5,9,28,2,1,4,0.1,0
536,2,10,0,6.3,2,0,3,0,8,15,28,2,1,1.5,2.1,0
537,1,40,0,6.3,2,4,0,0,13,12,28,5,1,15,4,0
538,2,20,0,5.1,1,7,0,0,12.5,12,27,2,1,4.5,2.2,0
539,9,25,0,6.2,2,0,2,0,37.5,12,39,4,1,7,12.6,0
540,4,10,0,6.2,2,7,0,0,13,15,50,2,1,2,12.4,0
541,2,25,0,6.2,2,0,1,0,15,9,42,2,1,8,14,0
542,2,60,0,6.2,2,6,3,0,250.5,9,44,3,1,18,19,0
543,4,5,0,2.11,2,3,0,0,15,9,32,2,1,2.2,9.1,0
544,3,60,4,6.2,2,1,0,0,2.5,9,33,4,2,16,7.8,0
545,3,29,0,6.1,1,0,0,0,10.5,9,29,4,1,22,6.3,0
546,5,45,0,6.1,2,0,1,0,241,9,46,3,1,25,11.2,0
547,1,40,0,6.1,1,7,1,0,242,12,27,3,1,12,0.9,0
548,3,20,1,6.1,2,23,2,0,3.5,15,38,5,1,18,11.4,0
549,5,30,0,5.11,2,3,0,0,0.5,15,35,4,1,23,10.1,0
550,5,45,0,5.11,2,0,0,0,11,9,42,4,1,16,14.1,0
551,1,20,0,5.11,2,2,1,0,206,9,24,2,1,2.4,2.4,0
552,1,25,0,5.1,2,5,3,0,15,9,26,2,1,4.5,1.7,0
553,2,30,0,5.1,2,16,2,0,11,9,28,2,1,6,4,0
554,8,30,0,5.9,2,14,1,0,517.5,15,28,4,1,12,11.1,0
555,1,5,0,5.9,2,18,2,0,20,9,24,2,1,1,1,0
556,5,25,0,5.8,2,29,3,0,3.5,12,45,4,1,9.6,19.1,0
557,3,10,2,5.8,1,0,2,0,12.5,15,29,2,1,2,2.5,0
558,1,15,0,5.8,2,2,0,0,5,12,25,2,1,2.5,0.5,0
559,3,20,0,5.8,2,4,4,0,17.5,9,45,2,1,1.6,18.4,0
560,3,30,0,5.8,2,4,0,0,16,15,38,4,1,13,13.3,0
561,1,20,0,5.8,1,5,1,0,4.5,12,24,2,1,4,0.6,0
562,1,50,0,5.8,5,3,1,0,14,9,38,6,1,25,14,0
563,4,10,0,5.7,1,3,1,0,255,9,43,2,1,2,21,0
564,1,75,0,5.7,2,2,1,0,0,9,32,4,1,18,12,0
565,3,60,0,5.7,2,9,0,0,22,9,27,4,1,14,2.3,0
566,3,40,0,5.6,1,5,0,0,5,9,29,6,1,20,6.3,0
567,3,15,0,5.6,2,5,3,0,256,9,29,2,1,4.6,4.7,0
568,5,15,0,0.1,2,0,0,0,0,15,30,2,1,4,8.1,0
569,3,45,0,5.6,5,7,3,0,60.5,12,41,6,1,23,19,0
570,2,15,0,5.5,1,0,0,0,12,15,26,2,1,1.3,4.1,0
571,4,10,0,5.5,2,0,1,0,18.5,9,51,2,1,2,23.6,0
572,3,10,0,5.5,2,1,4,0,22,9,23,2,1,2,2.3,0
573,3,20,0,5.5,2,2,0,0,111.5,12,26,2,1,7,2.6,0
574,2,30,0,5.5,1,1,0,0,1.5,9,25,2,1,2.6,0.5,0
575,5,40,0,5.5,5,3,0,0,11,15,27,6,1,21,4.6,0
576,2,60,0,5.4,2,0,1,0,24.5,9,43,4,1,16,9.6,0
577,4,20,0,5.4,2,29,4,0,53,9,26,2,1,1.8,1.7,0
578,2,15,2,5.4,2,2,2,0,0.5,15,24,2,1,3.3,1.6,0
579,1,30,0,5.3,2,5,1,0,8.5,12,30,4,1,7.5,0.3,0
580,0,30,0,5.3,2,2,3,0,48,12,24,4,1,9.3,0,0
581,3,25,0,5.3,2,0,0,0,44,9,39,3,1,9,8,0
582,5,30,0,5.3,2,30,2,0,247.5,9,46,2,2,2.3,17.7,0
583,1,75,2,5.3,1,7,0,0,18,12,24,3,1,20,0.6,0
584,1,10,0,5.3,1,1,1,0,1,12,26,2,1,1.8,2,0
585,3,70,1,5.3,5,3,0,0,17,9,43,6,1,26,9.6,0
586,2,30,0,5.3,2,7,0,1,13.5,12,25,2,1,4.9,0.5,0
587,6,15,0,0.11,5,3,0,0,83.5,9,24,2,1,4,4.5,0
588,5,35,0,5.2,2,0,0,0,17.5,15,44,4,1,17,23.5,0
589,1,40,0,5.2,1,6,1,0,14.5,9,23,4,1,18,3.4,0
590,3,80,0,5.2,2,14,1,0,3,15,29,6,1,8,2.7,0
591,1,15,0,5.1,1,7,2,0,26.5,9,26,2,1,7,1.4,0
592,3,10,1,5.1,1,0,0,0,31,9,26,2,1,2.3,1.1,0
593,3,10,0,5.1,2,3,2,0,12.5,9,28,2,1,3.7,6.7,0
594,3,20,0,5.1,1,0,0,0,0,9,56,4,1,8.5,7,0
595,2,29,0,5.1,2,0,0,0,0,9,57,3,1,22,2.6,0
596,3,16,0,5.1,1,0,0,0,0,9,57,1,1,7,10.6,0
597,4,21,0,5.1,2,0,0,0,0,6,77,2,1,8,47,0
598,4,12,0,5.1,2,0,0,0,0,9,61,2,1,4.2,28.6,0
599,4,20,0,5.1,2,0,0,0,0,6,65,3,1,15,6.3,0
600,1,5,0,5,2,0,1,0,49,9,26,2,1,1.3,3.6,0
601,6,30,0,3.3,1,2,0,0,18.5,9,42,4,1,14,8.2,0
602,2,20,0,4.11,2,2,2,0,65,12,34,2,1,3.4,11.4,0
603,2,50,0,4.11,1,0,0,0,19.5,12,31,6,1,22,8.2,0
604,2,15,6,4.11,2,6,0,0,201.5,15,30,2,1,5.5,4,0
605,3,90,0,4.11,2,30,0,0,24.5,9,49,6,1,26,5.1,0
606,2,15,0,4.1,2,7,1,0,15.5,12,53,2,1,2,28,0
607,1,30,0,4.1,2,10,1,0,243.5,12,24,3,1,7,2,0
608,3,20,0,4.1,1,0,0,0,14.5,12,40,2,2,7,17.2,0
609,3,5,0,4.1,3,5,0,0,43,9,44,2,2,1,14,0
610,2,15,0,4.1,1,13,1,0,110.5,9,24,3,1,15,2.7,0
611,3,30,0,4.1,2,29,5,0,15,12,28,3,1,7,6,0
612,5,40,0,4.1,2,0,1,0,13,15,42,3,1,18,19.2,0
613,2,40,0,4.1,1,1,3,0,49,9,25,3,1,5.8,3,0
614,8,45,10,4.1,2,0,0,0,15,15,39,4,2,16,9,0
615,1,90,0,4.1,2,5,0,0,13.5,12,32,6,1,33,8,0
617,1,40,0,4.9,1,5,2,0,14,12,28,1,1,20,2.9,0
618,8,20,0,4.9,1,0,1,0,15.5,9,46,2,2,4.1,11.2,0
619,1,45,0,4.9,1,4,0,0,14,9,26,6,1,26,5,0
620,6,30,0,4.9,5,0,1,0,44.5,9,27,2,1,6.6,5,0
621,8,20,0,4.9,5,20,3,0,5,15,46,4,1,9.8,19.6,0
622,1,35,1,4.8,1,1,0,0,12.5,9,23,4,1,16,2.8,0
623,2,10,0,4.8,1,4,1,0,5,9,49,2,2,2.5,23.6,0
624,1,10,0,4.8,5,0,0,0,13.5,12,28,2,1,1.3,2.5,0
625,3,40,0,4.8,1,23,0,0,28.5,12,28,3,1,20,5.11,0
626,2,35,1,4.8,1,0,1,0,10.5,12,24,4,1,13,1.6,0
627,2,40,0,4.7,2,5,0,0,4.5,9,49,5,2,15,10.1,0
628,3,15,0,4.7,1,4,1,0,5.5,9,43,2,2,4,21.6,0
629,1,30,0,4.7,5,0,0,0,34.5,9,23,2,1,4.1,1.8,0
630,1,35,0,4.6,2,7,0,0,44,9,35,3,1,6.6,11,0
631,2,30,0,4.6,5,24,2,0,10,9,26,3,1,8.9,2.7,0
632,6,30,0,4.6,2,10,8,0,42.5,9,34,4,2,10,11.1,0
633,4,10,0,4.6,2,7,2,0,12,9,49,2,2,0.4,8.1,0
634,3,15,0,4.6,2,5,2,0,20.5,9,23,2,1,4.8,2.5,0
635,3,90,0,4.6,2,0,0,0,8,9,26,5,1,16,3.5,0
636,3,15,0,4.6,2,2,2,0,242.5,12,29,2,1,1.6,4.1,0
637,4,30,0,4.6,1,4,0,0,13.5,9,23,4,1,14,1,0
638,2,10,0,4.6,2,0,1,0,232.5,9,36,2,1,2.8,12.3,0
639,4,30,7,0.7,5,1,0,0,51.5,12,25,3,1,10,3.8,0
640,5,40,0,4.6,1,2,0,0,14.5,12,23,4,1,23,1.5,0
641,2,60,0,4.6,2,6,4,0,13.5,9,27,4,1,15,3,0
642,2,15,0,4.6,1,20,0,0,17,12,23,3,1,5.3,2.4,0
643,4,40,0,4.5,2,12,0,0,49,15,30,1,1,14,21.5,0
644,3,15,0,4.5,2,11,0,0,42,12,26,3,1,4.4,4.1,0
645,5,15,0,4.5,2,6,2,0,58,15,47,2,1,3.7,8.5,0
646,1,25,0,4.5,2,0,1,0,15,9,48,1,1,6.2,20,0
647,2,30,0,4.5,2,18,0,0,9.5,12,40,3,1,8.9,14.7,0
648,2,30,0,4.5,2,0,0,0,12,9,40,1,1,6.1,18,0
649,1,60,0,4.5,2,3,2,0,53.5,9,22,4,1,9.4,1.2,0
650,2,60,0,4.5,2,48,3,0,245,15,26,4,1,15,1.1,0
651,3,15,0,4.4,2,7,0,0,16.5,12,30,2,1,2.7,6.6,0
652,1,80,10,4.4,2,0,0,0,11,9,22,4,1,15,1.5,0
653,0,40,0,4.4,1,2,1,0,17.5,9,22,3,1,9.4,0,0
654,2,40,0,4.4,1,0,0,0,13,9,49,3,1,13,22,0
655,1,20,0,4.4,2,9,2,0,16.5,12,25,2,1,2.8,0.1,0
656,2,40,0,4.4,1,0,1,0,10,15,24,3,1,9.5,1,0
657,2,60,0,4.4,2,0,2,0,16.5,12,26,2,1,6.1,2.6,0
658,4,90,0,4.4,2,0,0,0,17,9,45,6,1,28,18.7,0
659,3,45,0,4.4,5,9,1,0,20.5,9,50,5,1,17,24.9,0
660,2,30,0,0.2,1,0,0,0,10.5,9,33,9,1,25,4.1,0
661,3,60,2,4.2,2,5,0,0,8.5,12,27,3,1,12,6,0
662,3,30,0,4.2,5,0,2,0,10,9,34,4,1,17,11.5,0
663,0,10,0,4.2,1,8,0,0,4,9,22,2,1,1,0,0
664,3,10,0,4.2,5,6,2,0,33,12,27,2,1,3.2,4.7,0
665,4,10,0,4.1,2,5,1,0,22,9,41,2,1,2.8,12.2,0
666,2,40,0,4.1,1,4,0,0,231.5,9,22,4,1,25,0.11,0
667,1,20,0,4,2,2,0,0,21,9,41,1,2,6,1,0
668,1,90,0,4,1,3,2,0,22.5,12,22,1,1,23,0.3,0
669,1,15,1,4,1,4,0,0,45.5,9,22,2,1,2,2.4,0
670,1,40,0,4,2,0,1,0,1,9,46,4,1,17,25,0
671,3,15,1,3.11,1,11,0,0,9.5,9,25,2,1,3.9,4.5,0
672,2,10,0,3.11,2,0,0,0,14.5,9,24,2,1,1.5,3.5,0
673,6,15,0,3.11,2,4,1,0,11,9,46,1,1,5.5,17,0
674,3,30,2,3.11,2,0,0,0,8,12,25,2,1,5.5,2.3,0
675,5,80,0,3.11,2,13,0,0,48,15,32,5,1,38,8.5,0
676,7,60,1,3.11,2,0,0,0,9,12,46,3,1,21,16.6,0
677,1,20,0,3.11,2,3,0,0,39,9,26,4,1,8.8,2,0
678,2,45,1,3.11,1,0,0,0,10,9,43,9,1,15,13,0
679,0,22,1,3.11,1,0,0,0,223,9,21,3,1,7,0,0
680,1,20,1,3.11,1,10,0,0,207.5,12,25,2,1,2.9,2.4,0
681,0,40,0,3.1,1,8,0,0,34.5,9,20,4,1,15,0,0
682,1,45,0,3.1,1,11,0,0,18,12,24,5,1,18,2.1,0
683,4,60,0,3.1,2,46,3,0,17.5,9,26,10,1,32,4.2,0
684,1,40,0,3.1,1,1,0,0,50.5,9,25,4,1,11,2.5,0
685,2,20,0,3.1,2,24,3,0,2,12,36,9,1,26,12.6,0
686,0,80,0,3.1,1,7,0,0,35,9,21,6,1,24,0,0
687,5,10,0,3.1,5,0,0,0,16,12,36,2,1,1.5,13.5,0
688,1,30,0,3.1,1,12,0,0,8,12,46,2,1,7.4,11,0
689,5,20,0,3.1,2,1,1,0,4,9,49,1,1,4.8,13,0
690,4,40,0,3.1,2,9,4,0,17.5,12,28,3,1,15,6.2,0
691,2,60,0,3.1,2,14,1,0,7.5,12,30,5,1,16,6,0
692,2,25,0,3.1,1,0,0,0,5,9,33,2,1,3.5,14.2,0
693,4,15,0,3.9,1,17,4,0,24.5,12,31,2,2,4,10.8,0
694,0,30,0,3.9,1,0,0,0,18,15,22,3,1,6.5,0,0
695,4,15,0,3.9,2,5,0,0,0.5,12,39,3,1,8,9.6,0
696,5,45,4,3.9,2,1,1,0,3.5,9,34,4,2,14,6,0
697,1,30,0,3.9,1,16,1,0,59,12,22,2,1,11,0.2,0
698,2,60,0,3.8,1,12,1,0,64.5,12,22,6,1,24,0.5,0
699,3,20,0,3.8,2,7,2,0,44.5,9,45,4,1,13,8.3,0
700,3,60,0,3.8,2,15,0,0,53.5,12,24,4,1,9,1.11,0
701,1,50,0,3.8,2,10,1,0,25.5,15,44,4,1,17,14,0
702,2,30,0,3.8,2,1,1,0,6,9,39,6,1,21.1,3.6,0
703,1,45,0,3.8,2,12,0,0,57,15,23,8,1,35,0.6,0
704,2,20,0,3.8,2,9,1,0,53.5,9,40,2,1,2,4.7,0
705,4,20,1,3.8,2,0,1,0,0.5,6,42,4,1,8.5,6,0
706,4,60,0,3.8,2,12,0,0,58,12,25,4,1,18,4.2,0
707,3,40,0,3.8,1,1,0,0,23,9,23,4,1,14,0.6,0
708,5,20,0,3.8,2,3,1,0,48,15,45,3,1,8.7,20,0
709,1,90,0,3.7,2,4,1,0,203.5,9,45,4,1,10,24,0
710,0,80,0,3.7,1,0,0,0,23,9,21,4,1,14,0,0
711,3,60,1,3.7,2,3,0,0,55,9,27,1,1,13,3.4,0
712,1,10,0,3.7,3,2,1,0,201,12,27,2,1,2.6,4.8,0
713,1,30,0,3.7,5,5,1,0,7.5,15,21,2,1,5.4,0.1,0
714,2,60,0,3.7,1,0,0,0,3,9,24,3,1,22,2.7,0
715,7,15,0,3.7,2,4,6,0,209,9,46,4,1,5.3,20.1,0
716,2,20,0,3.7,5,3,3,0,59,9,26,4,1,12,6,0
717,8,25,0,3.7,5,0,0,0,248,9,39,6,1,20,8.1,0
718,1,45,0,3.7,2,5,1,0,14.5,12,42,6,1,21,2,0
719,4,10,0,3.6,5,0,1,0,49.5,12,34,2,1,3,11.4,0
720,1,20,0,3.6,1,14,0,0,15,12,21,4,1,4.4,0.8,0
721,1,50,0,3.6,2,26,2,0,8,12,40,4,1,16,13.3,0
722,3,60,0,3.6,1,4,1,0,6.5,12,23,4,1,11,2.8,0
723,4,25,1,3.6,2,7,1,0,15.5,9,25,1,1,7.2,2.11,0
724,3,60,9,3.6,5,0,0,0,37,9,25,11,1,40,1.6,0
725,2,30,0,3.6,5,12,2,0,66,9,23,4,1,6.7,1.6,0
726,5,45,0,3.6,2,0,0,0,23,9,48,3,1,9.7,15.5,0
727,5,15,7,3.6,5,17,0,1,4,9,34,2,1,3.1,22.2,0
728,4,60,0,3.5,2,8,0,0,16.5,15,25,6,1,24,2.7,0
729,7,15,0,3.5,2,0,0,0,10,15,39,2,1,0.45,12.3,0
730,4,30,0,3.5,2,18,1,0,57,15,29,6,1,21.5,3.6,0
731,4,60,6,3.5,2,3,0,0,2.5,9,46,5,2,18,3.11,0
732,0,90,0,3.5,1,8,3,0,8.5,15,23,3,1,12,0,0
733,1,20,4,3.4,2,0,0,0,11,12,28,2,1,3.2,5,0
734,1,90,0,3.4,2,5,0,0,11.5,9,47,5,2,26,11,0
735,4,15,0,3.4,2,5,0,0,13,12,37,3,1,2.9,3.1,0
736,4,30,0,3.4,2,6,0,0,89.5,9,41,3,1,10,7.7,0
737,6,5,0,3.4,2,2,1,0,24,9,48,2,2,1.1,12.7,0
738,3,20,0,3.4,2,4,0,0,19,9,48,2,1,3.4,14.1,0
739,2,40,0,3.3,2,0,0,0,12.5,9,43,4,1,13,24,0
740,2,60,4,3.3,1,2,0,0,0,12,21,3,1,15,1.7,0
741,1,30,0,3.3,1,0,0,0,16,12,21,2,1,2,0.1,0
742,5,20,0,3.2,2,2,0,0,209.5,9,56,3,1,7.1,15.11,0
743,2,90,1,3.2,2,0,3,0,21,9,35,11,1,40,1.11,0
744,1,35,0,3.2,5,19,1,0,3.5,12,39,2,1,8.8,1.8,0
745,6,15,0,3.2,2,5,0,0,8.5,15,40,2,2,2.9,5.3,0
746,5,10,0,3.2,2,3,0,0,22.5,9,40,2,1,1.9,12.7,0
747,5,15,3,3.1,2,2,0,0,9,9,33,1,2,5.1,4.11,0
748,1,15,8,3.1,1,1,3,0,12,12,22,2,2,2.1,1.2,0
749,6,5,0,3.1,5,2,2,0,44.5,9,24,2,1,1.5,4.9,0
750,7,20,0,3.1,2,1,0,0,40.5,9,50,2,1,2.9,14,0
751,5,15,1,3.1,2,0,0,0,21,9,26,2,1,2,8.8,0
752,1,40,0,3.1,5,2,2,0,15,12,22,4,1,14,0.1,0
753,1,60,0,3.1,1,7,1,0,15,9,28,5,1,17,8,0
754,0,15,0,3.1,2,4,0,0,224,9,34,2,2,0.35,0,0
755,4,40,2,3.1,3,9,0,0,38.5,9,29,4,2,15,8.4,0
756,4,80,0,3,5,11,2,0,18.5,9,33,6,1,27,9.6,0
757,2,20,0,2.11,2,28,4,0,3,12,52,3,1,9.9,27.1,0
758,2,20,3,2.11,1,3,0,0,5.5,12,30,3,1,9,8.3,0
759,2,45,0,2.11,1,6,2,0,63,9,21,4,1,9,1.3,0
760,4,60,1,2.11,1,12,1,0,21,12,23,5,2,15,1,0
761,5,50,0,2.11,2,10,5,0,14,9,37,4,1,15,10,0
762,1,75,1,2.11,2,6,0,0,49.5,9,21,3,1,15,2.7,0
763,5,20,2,2.11,1,21,2,0,15.5,15,25,2,1,11,3.5,0
764,5,30,0,2.11,2,4,0,0,49,12,45,2,1,2.1,17.1,0
765,2,15,0,2.1,2,6,0,0,44,15,32,1,1,5.5,9,0
766,6,45,0,2.1,2,0,1,0,14.5,9,39,4,1,21,15.1,0
767,2,25,1,2.1,5,1,0,0,16,9,24,3,1,9,4.2,0
768,6,30,0,2.1,2,7,2,0,48.5,15,51,4,1,11,23.1,0
769,3,15,0,2.1,1,15,2,0,9,15,28,2,1,3.6,6.6,0
770,2,15,0,2.1,3,5,1,0,18.5,9,50,2,1,3.5,16,0
771,6,30,0,2.9,5,0,0,0,3.5,9,28,2,1,8,5.1,0
772,1,20,0,2.9,1,2,1,0,228,9,20,2,1,4.2,0.1,0
773,5,25,0,2.9,1,4,1,0,241.5,12,25,4,1,11,2.11,0
774,1,45,2,2.8,5,2,1,0,5.5,9,46,2,1,6.7,10,0
775,1,60,0,2.8,4,6,0,0,13,9,40,3,1,14,16,0
776,5,60,0,2.8,5,0,0,0,11,9,27,6,1,24,6.1,0
777,8,20,1,2.8,1,0,0,0,46,9,31,2,2,3,11,0
778,6,25,0,2.8,2,2,0,0,267,9,25,3,1,13,5,0
779,2,15,1,2.8,2,12,0,0,42.5,12,22,2,1,2.6,0.4,0
780,2,40,0,2.7,1,2,0,0,15,9,23,3,1,9.4,0.8,0
781,1,15,0,2.7,1,7,1,0,246.5,15,45,3,2,4.5,9,0
782,6,20,1,2.7,2,9,0,0,206,9,36,2,2,7.4,14,0
783,3,5,0,2.7,5,8,0,0,17.5,9,23,2,1,1.5,1.9,0
784,3,25,0,2.7,2,10,1,0,10,9,35,3,2,7.3,4.6,0
785,5,10,4,2.7,5,0,1,0,10,9,27,2,1,1.5,3,0
786,3,25,0,2.7,5,14,3,0,14,15,31,2,1,5.5,3.2,0
787,2,20,0,2.7,1,2,0,0,15,12,24,2,1,4,3.6,0
788,4,30,5,2.7,5,7,1,0,7.5,12,25,2,1,3,2.6,0
789,1,30,0,2.7,5,3,1,0,7.5,9,26,2,1,5,0.3,0
790,3,30,0,2.7,1,4,0,0,13,12,27,4,2,8.5,6,0
791,2,30,0,2.7,5,6,2,0,44,12,25,2,1,4.7,1.9,0
792,4,20,0,2.5,2,20,2,0,17.5,15,44,2,1,4,20,0
793,0,45,0,2.2,5,5,0,0,25,9,20,4,1,18,0,0
794,5,60,0,2.1,2,6,0,0,17,12,35,1,1,12,12.4,0
795,5,45,0,0.4,1,1,0,0,50.5,12,20,4,1,13,3.6,0
796,2,15,0,1.8,2,14,0,0,230.5,9,33,2,1,2.5,11.4,0
797,3,10,0,1.8,2,5,1,0,216.5,15,45,3,1,8.7,8.2,0
798,5,90,0,1.7,1,29,2,0,5.5,12,24,1,1,23,4.3,0
799,0,60,0,1,2,1,0,0,81,9,29,2,1,10,0,0
800,8,40,0,1.6,5,2,3,0,237,15,38,6,1,27.5,6.2,0
801,2,10,0,1.6,1,15,0,0,241.5,9,38,2,1,3,7,0
802,1,30,0,1.6,1,25,1,0,22,9,19,4,1,11,1.9,0
803,2,5,0,1.6,5,5,1,0,242.5,9,25,2,1,1.5,6.5,0
804,2,20,0,1.5,2,22,1,0,16,15,45,2,1,5.5,20,0
805,3,20,0,1.5,1,14,1,0,34,12,26,3,1,16,4.11,0
806,3,60,0,1.5,2,28,2,1,66.5,12,35,5,1,23,9.4,0
807,4,50,0,1.5,2,6,1,0,231,12,22,3,1,7.5,4.9,0
808,4,20,0,1.5,5,3,2,0,314.5,9,32,2,1,5,11.11,0
809,2,25,0,1.5,2,77,4,0,9,9,49,3,1,9,16,0
810,3,60,0,1.5,1,18,4,1,42,15,26,5,1,17,6.4,0
811,2,40,0,1.5,2,2,1,0,41.5,9,27,3,1,20,8.9,0
812,4,25,0,1.5,2,0,0,0,28.5,9,31,2,1,2.2,8.7,0
813,0,30,0,1.5,1,10,0,0,277.5,12,20,3,2,6.3,0,0
814,1,15,0,1.4,2,32,2,0,16.5,17,25,2,1,3.5,0.8,0
815,2,40,3,1.4,1,17,0,0,16,15,24,4,1,8.5,4.1,0
816,2,10,0,1.4,1,5,1,0,232,12,25,2,1,3,1.4,0
817,3,40,0,1.4,3,3,2,0,2.5,15,38,3,1,20,14,0
818,1,40,0,1.4,1,12,2,0,20.5,12,28,4,1,10,8,0
819,2,15,0,1.4,2,6,0,0,259.5,12,30,2,1,4,11.4,0
820,1,60,0,1.3,5,7,1,0,254,9,20,9,1,24,1,0
821,4,20,0,1.3,5,0,1,0,0,9,25,2,1,4,5.1,0
822,6,60,0,1.3,2,1,0,0,45.5,12,37,3,1,4.5,14.1,0
823,2,60,0,1.3,1,16,1,0,58.5,12,20,4,1,17,1.8,0
824,3,40,2,1.3,1,0,0,0,12.5,9,19,3,1,11,0.11,0
825,4,30,0,1.3,2,1,1,0,48,9,39,4,1,18,9.2,0
826,4,20,0,1.2,2,2,1,0,19.5,12,27,2,1,9.5,5.6,0
827,1,60,0,1.2,1,13,2,0,5.5,12,20,1,1,19,2,0
828,5,25,0,1.2,2,35,2,0,62.5,15,44,4,1,17,26.7,0
829,1,40,2,1.1,1,1,3,0,72,9,21,2,1,3,2.6,0
830,3,60,9,1.1,1,0,1,0,44.5,9,25,3,1,15,4.3,0
831,2,30,0,1.1,5,2,3,0,285.5,9,18,3,1,7,0.6,0
832,1,25,1,1.1,5,31,1,0,7,12,45,4,1,12,7,0
833,3,30,0,1,5,6,1,0,82,12,25,4,1,17,3.4,0
834,1,45,0,1,1,4,1,0,61.5,15,19,4,1,12,0.4,0
835,0,40,0,1,1,1,3,0,532,9,18,4,1,15,0,0
836,2,15,0,1,2,3,0,0,299,12,29,2,1,4,6.6,0
837,1,20,0,0.11,1,5,0,0,290,9,19,2,1,4,0.6,0
838,1,60,0,0.11,1,1,4,0,79,9,21,4,2,22,3,0
839,3,60,0,0.11,1,4,1,0,282.5,9,20,1,2,24,1.5,0
840,4,50,2,0.11,1,6,1,0,97,12,32,6,1,28,4.5,0
841,2,30,0,0.11,5,2,1,0,293.5,9,20,4,1,14,5,0
842,2,40,0,0.11,1,0,0,0,0,9,19,4,2,9.2,1.2,0
843,4,20,0,0.11,2,13,0,0,58,12,23,3,1,7.2,3.8,0
844,2,60,0,0.1,5,0,0,0,58.5,9,26,9,1,55,5.1,0
845,3,10,0,0.1,1,0,0,0,54,9,43,2,1,1.5,16.9,0
846,1,60,11,0.1,5,1,0,0,0,9,21,4,1,8.6,0.8,0
847,4,40,0,0.9,1,16,0,0,84,12,26,3,1,10,1.8,0
848,2,60,0,0.9,5,1,0,0,77.5,9,26,9,1,25,5.8,0
849,2,40,5,0.9,1,59,0,0,88,12,20,3,1,6.5,1.8,0
850,3,20,1,0.3,5,0,0,0,36.5,9,20,2,1,1.5,1.5,0
851,3,30,0,0.8,1,2,0,0,0,12,32,4,1,17,5.4,0
852,1,10,0,0.8,1,7,0,0,89.5,9,18,2,1,1.5,0.4,0
853,2,35,3,0.8,1,3,0,0,0,9,21,3,1,16,4.4,0
854,4,20,0,0.8,5,10,0,0,67,12,32,2,1,6.8,5.6,0
855,4,5,1,0.8,2,10,1,0,51,9,29,2,1,3.5,13,0
856,4,35,0,0.7,2,0,0,0,0,9,55,4,1,8.6,10.2,0
857,2,20,9,0.7,1,7,1,0,0,9,19,2,1,4.5,1,0
858,1,20,0,0.7,2,6,0,0,318.5,9,22,2,1,4,5,0
859,3,40,0,0.7,4,0,0,0,53,15,39,3,1,9.8,16.2,0
860,1,15,0,0.7,5,13,1,0,78,9,23,2,1,2.2,2.7,0
861,1,30,0,0.7,1,3,0,0,286.5,12,19,4,1,17,0.6,0
862,2,10,1,0.7,2,1,0,0,275,9,22,2,1,1.5,6,0
863,5,40,0,0.7,1,11,0,0,58.5,9,22,3,1,8,4.8,0
864,0,80,0,0.7,1,2,0,0,79.5,9,18,1,1,10,0,0
865,1,10,0,0.6,1,0,0,0,0,9,20,3,1,8,0.4,0
866,5,90,0,0.6,2,1,0,0,59,9,46,6,1,26,11.7,0
867,4,40,0,0.6,2,2,0,0,271.5,12,35,1,1,15,12,0
868,2,40,0,0.5,1,15,0,0,51.5,12,28,3,1,3,1.7,0
869,1,20,0,0.5,1,7,0,0,48,15,20,4,1,19,1.3,0
870,0,60,0,0.5,1,18,0,0,49,9,20,4,1,17,0,0
871,2,90,0,0.5,1,3,0,0,76,12,22,6,1,29,0.7,0
872,4,15,1,0.5,1,0,1,0,78,9,29,2,1,7.5,4.2,0
873,1,60,0,0.5,5,3,0,0,279,9,21,6,1,22,2.5,0
874,4,10,0,0.5,1,3,0,0,60,9,26,2,1,0.3,5.3,0
875,1,10,1,0.5,1,2,0,0,53,9,18,4,1,5.5,0.5,0
876,2,30,0,0.5,1,3,0,0,54,12,26,4,1,8,3.6,0
877,3,30,0,0.5,1,0,0,0,25.5,17,31,3,1,2.6,2,0
878,2,10,0,0.5,1,3,0,0,49,9,24,2,1,3,4.11,0
879,2,20,1,0.5,1,1,0,0,0,9,25,4,1,6.9,3.1,0
880,4,30,0,0.5,2,2,0,0,51.5,9,44,2,1,4.7,16,0
881,1,90,0,0.5,1,1,0,0,282.5,12,18,4,1,12,0.9,0
882,1,15,0,0.4,2,0,1,0,70,12,37,2,1,0.45,7,0
883,2,40,0,0.4,5,0,0,0,53,9,23,3,1,14,3.3,0
884,2,50,0,0.4,1,4,0,0,36.5,17,24,3,1,8,1.8,0
885,2,40,0,0.4,2,1,0,0,46,12,33,4,1,15,12,0
886,2,20,0,0.4,1,0,0,0,40.5,9,20,2,1,5,1.7,0
887,1,30,1,0.4,1,2,0,0,77,12,20,3,1,14,0.1,0
888,3,40,0,0.3,2,1,0,0,59.5,12,44,6,1,22,19,0
889,3,40,0,0.3,1,6,0,0,30.5,15,25,4,1,8.8,5.9,0
890,5,100,0,0.3,2,7,0,0,49.5,12,35,12,1,110,12.3,0
891,1,40,2,0.3,1,0,0,0,0,12,22,3,1,21,6.4,0
892,5,60,0,0.3,1,0,0,0,30.5,12,21,4,1,11,3.5,0
893,2,15,0,0.3,1,0,0,0,32,12,21,2,1,2.7,1.2,0
894,0,30,0,0.3,1,4,0,0,34.5,12,21,4,1,9.2,0,0
895,4,15,0,0.2,1,0,0,0,46.5,12,25,4,1,11,5.2,0
896,3,20,0,0.2,5,0,0,0,43.5,9,22,2,1,3,4.1,0
897,0,80,0,0.2,1,0,0,0,0,15,20,4,1,23,0,0
898,0,15,0,0.2,1,0,1,0,27,12,18,2,2,4.5,0,0
899,1,70,0,0.2,1,0,0,0,7,12,21,4,1,8.3,1.1,0
900,4,30,9,0.2,5,0,0,0,0,9,33,2,1,4,3.4,0
901,4,10,3,0.2,1,0,0,0,0,9,25,2,1,1.6,3.4,0
902,4,40,0,0.1,2,0,0,0,2.5,17,27,3,1,13,8.1,0
903,1,30,0,0.1,5,2,0,0,3.5,17,25,4,1,8,6,0
904,1,15,0,0.1,1,0,0,0,0,9,19,2,1,3.5,0.3,0
905,1,60,0,0.1,5,0,0,0,0,9,23,6,1,25,5.1,0
906,4,30,0,0.1,2,0,0,0,8,12,26,3,1,6.9,8.4,0
907,1,50,0,0.1,1,0,0,0,0,12,29,5,1,22,3.5,0
908,5,30,0,0.1,5,0,0,0,0,12,20,2,1,2.6,2.1,0
909,4,10,0,0.1,5,0,0,0,3.5,12,31,2,1,2,1.1,0
910,2,15,0,0.1,1,0,0,0,0,12,25,2,1,3.5,1.9,0
911,1,15,0,0.1,1,0,0,0,0,17,23,2,1,4.5,0.6,0
912,1,15,2,39.5,2,13,1,0,0,6,60,3,1,7.5,2,1
913,1,5,0,37.5,2,0,0,0,0,6,60,2,1,1.5,0.7,1
914,7,28,0,18.6,2,0,0,0,0,9,60,1,1,8.3,17.1,1
915,7,30,0,2.8,2,0,0,0,0,12,38,2,1,4,9.5,1
916,0,30,0,5.5,1,0,2,0,0,9,23,4,1,14,0,1
917,3,20,0,0.3,2,0,0,0,0,9,25,3,1,9,4.6,1
918,4,10,2,0.3,5,0,0,0,0,9,22,2,1,3,2.4,1
919,5,15,1,0.7,5,0,1,0,0,15,25,2,1,4,4.5,1
920,1,30,1,2.5,5,0,0,0,0,12,24,3,1,8.5,2.7,1
921,4,60,3,0.3,1,0,0,0,0,9,19,1,1,12,2,1
922,2,40,2,0.1,2,0,0,0,0,12,25,3,1,9,3.4,1
923,2,25,0,35.8,2,0,0,0,0,9,60,3,1,10,6,1
924,5,40,0,0.4,1,0,0,0,0,9,43,4,1,10,23.9,1
925,5,40,0,0.3,1,0,0,0,0,9,23,3,2,13,4.11,1
926,3,40,1,3,2,0,0,0,0,12,24,4,1,12,5,1
927,5,30,1,0.3,2,0,0,0,0,12,40,4,1,9.4,9,1
928,3,20,0,2.1,2,0,1,0,0,9,38,4,2,7,5,1
929,3,90,0,0.5,1,2,1,0,0,12,20,5,1,18,1.4,1
930,2,50,2,2.1,1,0,0,0,0,12,22,4,1,12,0.1,1
931,0,12,0,10.6,1,0,0,0,0,9,29,2,1,3,0,1
932,1,30,0,3.11,2,6,1,0,0,6,71,3,1,7.8,1.9,1
933,2,60,7,3.3,1,0,0,0,0,9,22,4,1,14,1.1,1
934,2,15,0,0.9,2,1,1,0,0,12,42,2,1,4,13,1
935,4,45,0,2,2,0,0,0,0,9,26,9,2,24,6.2,1
936,9,15,0,0.3,1,0,1,0,0,9,49,2,1,3.2,17,1
937,4,30,1,0,2,0,0,0,0,9,30,4,1,15,6.6,1
938,2,15,0,2,2,0,0,0,0,15,50,3,1,6.6,17.6,1
939,4,30,5,0,5,0,0,0,0,15,25,4,1,9,6.1,1
940,3,20,4,0.1,5,0,0,0,0,12,23,4,1,9.2,4.1,1
941,0,20,4,0.5,1,0,0,1,0,9,18,3,1,15,0,1
942,2,20,2,3.11,1,0,0,0,0,12,26,2,1,3.5,1.9,1
943,1,90,0,1.1,5,0,1,0,0,9,20,3,1,11,3,1
944,3,60,0,0.5,1,4,1,0,0,12,24,1,1,17,2.6,1
945,2,20,8,0.2,5,0,0,0,0,9,22,4,1,7,0.9,1
946,6,40,0,3.8,1,1,0,0,0,12,25,4,1,23,2.7,1
947,1,20,1,6.1,2,0,0,0,0,9,25,4,1,6.9,1.6,1
948,1,12,1,29.1,2,4,1,0,0,15,48,2,1,4.5,0.2,1
949,5,25,0,0,1,0,0,0,0,12,28,3,1,7.5,7.8,1
950,1,40,3,3.2,1,0,0,0,0,9,22,2,2,15,1,1
951,2,5,0,32.9,2,0,0,0,0,6,60,2,1,1.5,6.8,1
952,0,11,0,39.11,2,0,0,0,0,9,60,1,1,5.5,0,1
953,2,50,0,8.6,1,0,0,0,0,15,27,3,1,12,9.8,1
954,3,10,2,0.1,1,0,0,0,0,9,47,2,1,1.7,14.3,1
955,5,15,5,0.2,1,0,0,0,0,9,24,3,1,8.2,3.6,1
956,1,17,4,11.3,1,0,0,0,0,12,31,2,1,4.5,0.1,1
957,4,20,0,4.7,5,0,3,0,0,9,25,2,1,4.6,4.4,1
958,1,30,0,0.2,1,0,0,0,0,12,23,3,1,14,0.6,1
959,1,15,0,0.2,1,0,0,0,0,12,22,3,1,8,3,1
960,2,30,0,1,1,3,1,0,0,12,20,3,1,15,0.9,1
961,7,20,0,5.8,2,0,0,0,0,9,28,3,1,9,4.6,1
962,2,30,0,5.2,2,0,0,0,0,9,24,3,1,7,2.6,1
963,1,30,0,2.4,1,0,1,0,0,12,21,4,1,6.7,0.6,1
964,2,25,0,37.11,2,0,0,0,0,9,60,3,1,19,3.2,1
965,2,45,0,0.3,1,0,0,0,0,9,22,4,1,16,1.11,1
966,1,40,10,0.1,2,0,0,0,0,9,27,3,1,19,2.11,1
967,2,30,11,0,1,0,0,0,0,9,22,3,1,7,2.4,1
968,2,30,5,4.9,3,0,0,0,0,9,45,3,2,10,7,1
969,4,15,5,0.2,3,0,0,0,0,9,27,2,1,5,3.7,1
970,4,20,5,0.9,5,1,1,0,0,9,20,2,1,2.5,1.6,1
971,0,30,0,0.1,1,14,2,0,0,12,19,2,1,5,0,1
972,1,45,0,0.6,2,16,0,0,0,12,21,4,1,11,0.4,1
973,0,22,1,0.11,1,12,2,0,0,9,20,4,1,14,0,1
974,6,15,10,0.1,5,0,0,0,0,9,23,2,1,3.4,4.7,1
975,6,30,5,3.6,2,1,2,0,0,9,45,6,2,23,13.6,1
976,1,75,4,1.5,1,1,0,0,0,12,21,4,1,20,0.2,1
977,5,25,1,1.9,2,2,3,0,0,9,33,4,1,14,9.4,1
978,2,40,5,0.3,1,0,0,0,0,9,20,3,1,19,0.1,1
979,3,50,0,3.7,3,0,0,0,0,9,37,5,1,20,14.3,1
980,2,20,0,2.8,1,0,0,0,0,9,22,4,1,5,0.7,1
981,5,60,1,4.6,2,12,1,0,0,12,37,3,1,11,6.3,1
982,2,45,0,6.6,1,1,1,0,0,15,27,5,1,18,5,1
983,2,40,7,3.1,1,1,0,0,0,9,22,2,1,4.7,1.5,1
984,4,10,2,1.5,2,1,0,0,0,9,31,2,1,1,8.2,1
985,7,10,0,2.4,3,2,0,0,0,9,39,2,2,0.45,8.7,1
986,1,45,1,2.2,3,2,0,0,0,9,37,2,2,9,2.4,1
987,2,40,6,0,2,0,0,0,0,9,40,3,1,10,9,1
988,1,40,9,2.11,5,1,0,0,0,9,23,4,1,13,2,1
989,6,50,2,0.1,1,0,0,0,0,15,24,1,1,19,5,1
990,3,25,2,0.1,1,0,0,0,0,9,28,4,1,19,4.5,1
991,1,60,0,0.6,1,2,2,0,0,9,22,4,2,22,5,1
992,1,40,5,0.2,1,0,0,0,0,12,25,4,1,15,5,1
993,4,90,6,0.1,5,0,0,0,0,9,25,9,1,30,5,1
994,1,30,2,2.11,1,0,0,0,0,12,24,4,1,10,3,1
995,5,70,0,0.5,1,0,1,0,0,12,39,4,1,8,6.8,1
996,4,30,1,4.1,5,0,0,0,0,9,29,2,1,4.9,3.1,1
997,5,40,3,3.9,1,13,1,0,0,15,30,2,1,5.7,7.5,1
998,2,30,1,3.11,1,0,0,0,10.5,9,33,9,1,24,4.1,1
999,3,15,3,0.5,1,0,0,0,0,9,23,8,1,35,3.3,1
1000,6,30,3,2.8,2,0,0,0,0,9,43,2,1,2.8,4.8,1
1001,2,60,6,0.1,1,0,0,0,0,12,24,3,1,22,5.6,1
1002,4,45,0,0.3,1,7,0,0,0,12,25,9,1,25,5.9,1
1003,5,35,3,10.4,2,10,7,0,0,15,33,4,1,17,7.8,1
1004,3,40,2,2.11,1,2,0,0,0,9,45,4,2,14,25.5,1
1005,6,100,0,11,2,9,0,0,0,9,41,4,2,15,23.2,1
1006,6,40,1,6.3,2,0,0,0,0,9,45,4,1,14,13.6,1
1007,4,30,1,0.5,2,0,0,0,0,9,29,4,1,13,9.6,1
1008,0,28,2,10.9,2,17,0,0,0,9,30,4,1,10,0,1
1009,0,90,0,3.5,1,16,4,0,0,12,22,6,1,22,0,1
1010,1,20,0,37.8,2,20,1,0,0,9,60,5,1,15,3,1
1011,4,60,1,0.4,2,1,0,0,0,9,52,8,1,36,10,1
1012,2,60,1,0.7,2,3,0,0,0,9,44,4,1,17,3.8,1
1013,3,30,5,0.2,1,1,0,0,0,12,18,2,1,8,2.3,1
1014,4,30,3,0.8,2,8,1,0,0,12,25,4,1,14,8.5,1
1015,3,60,0,0,5,0,0,0,0,15,25,5,1,15,6.6,1
1016,4,15,7,0,1,0,0,0,0,9,26,2,1,2.7,7.1,1
1017,1,5,9,3.5,1,0,1,0,0,12,26,2,1,0.5,2,1
1018,1,14,0,39.2,2,0,0,0,0,6,60,4,1,6.2,3,1
1019,2,15,9,0,2,0,0,0,0,9,42,2,1,1,22,1
1020,3,60,5,0,2,0,0,0,0,12,41,3,1,19,18,1
1021,2,90,4,2.3,1,1,0,0,0,9,22,4,1,9.5,5,1
1022,4,60,5,0,1,0,0,0,0,12,25,3,1,26,4.9,1
1023,2,60,0,0.2,1,0,1,0,0,9,20,3,1,6,2,1
1024,2,90,0,0.3,1,0,0,0,0,12,18,3,1,7.5,0.1,1
1025,3,45,12,5.11,2,0,0,0,0,12,27,6,1,23,1.1,1
1026,2,5,0,5,2,5,1,0,0,9,39,2,1,1.5,19,1
1027,2,15,0,3.2,2,5,0,0,0,15,53,2,1,5.6,25,1
1028,1,60,1,3.4,1,0,0,0,0,12,23,4,1,19,1.5,1
